{
  "Mufigij": 888147.0,
  "Wazeh": 95216.36329171642,
  "Uhinij": 18348.509277858248,
  "Pejato": 790878.0,
  "Afaduri": 170690.0,
  "Ejewof": 259783.0,
  "Ikyg": 56422.6131669668,
  "Ibyfe": 376715.9270655874,
  "Gegez": 167557.0,
  "Enof": 127110.0,
  "Wepix": 873307.4636377298,
  "Xaqivag": 479461.0,
  "Gigo": 672186.5822295327,
  "Jyzujoz": 578731.7563871606,
  "Imor": 546791.0,
  "Nitew": 163066.7637477151,
  "Kafa": 107367.0,
  "Utak": 339621.0,
  "Hofixe": 207049.95051130748,
  "Ugosuf": 502950.0,
  "Uruge": 56558.377767038925,
  "Byzi": 619827.0,
  "Iqeto": 63799.47592141252,
  "Ijuxo": 37968.051809658944,
  "Orozore": 15560.970672850377,
  "Inom": 252252.0,
  "Ropyje": 552909.0,
  "Sadu": 594094.0,
  "Rojedum": 20356.829114958935,
  "Vekyr": 216320.0,
  "Oqaqovy": 583275.0,
  "Ewig": 83607.0,
  "Depy": 715319.0,
  "Obyz": 303666.2046045523,
  "Oxybup": 413104.3513916597,
  "Nyhegu": 118690.08620050825,
  "Zifo": 364095.0,
  "Uxikumu": 655569.0,
  "Jixyhy": 70645.34952025399,
  "Huko": 8211.8433474704,
  "Uvewyj": 228674.47400227762,
  "Iqeg": 449683.70338517235,
  "Axuko": 267001.7833870894,
  "Ocyvuvi": 340666.0,
  "Zovyq": 197280.32704057713,
  "Ecuda": 155.76719192594373,
  "Haxid": 23859.0,
  "Uhyda": 211929.09081854817,
  "Fexad": 153492.0,
  "Xivycah": 87921.0,
  "Pyba": 235261.0,
  "Qivinys": 283960.545589757,
  "Tawuras": 90608.61309325404,
  "Cokigiq": 108610.0,
  "Sycatu": 51124.0,
  "Emiroc": 477469.250933217,
  "Eqyfi": 305190.84045215824,
  "Peziga": 6775.0,
  "Yrup": 48285.0,
  "Yhapo": 470591.56470072345,
  "Gyrahi": 144245.32340613438,
  "Zinudoz": 594748.0,
  "Bajyvaz": 117221.0,
  "Uremik": 742648.5085001528,
  "Tarar": 87255.0,
  "Kivyji": 340197.0,
  "Axyri": 279229.0,
  "Ufehe": 685925.0,
  "Uxat": 220381.50184263097,
  "Amuhuki": 182221.0,
  "Feca": 158843.95541325165,
  "Nyvovup": 251710.0,
  "Wypytyq": 403948.3100531595,
  "Yxypoc": 60337.49375265166,
  "Cydyzyk": 234211.4744194391,
  "Otyd": 47211.0,
  "Ytejawy": 446982.0,
  "Timy": 173495.0,
  "Mizutev": 409574.0,
  "Gefuny": 58345.0,
  "Yvyso": 604998.7029682477,
  "Baryk": 98216.23860900152,
  "Avijiha": 155090.0,
  "Zibup": 292.0,
  "Mifan": 79843.0,
  "Yboru": 80782.04593478881,
  "Aqovuz": 71649.30194742605,
  "Xupe": 103200.17603796799,
  "Urypadi": 198979.0,
  "Tujis": 520803.8590154381,
  "Syqes": 331133.3802399873,
  "Ynahaj": 14419.606541430609,
  "Jone": 159321.13003014826,
  "Ubuvoz": 55969.0,
  "Iqama": 392953.0,
  "Bibi": 276250.1636304518,
  "Amuwero": 171921.03671209182,
  "Odegyg": 56754.18630140086,
  "Ozubiq": 241152.80143718724,
  "Udekozo": 426629.2484560332,
  "Kimar": 455741.13821707113,
  "Nytyhas": 637043.2888627413,
  "Yqudaf": 105986.80695249382,
  "Inar": 118965.0,
  "Ebifah": 77374.34933176507,
  "Hetin": 107664.0,
  "Ubig": 269202.27109389537,
  "Qexomi": 29846.62261641989,
  "Gabi": 710678.1898972187,
  "Ryge": 50175.21211766223,
  "Cahu": 407467.0,
  "Tohi": 263497.0,
  "Ufijoki": 292021.46596109134,
  "Coviwi": 216029.3565799798,
  "Wexydaw": 447674.0,
  "Eqicinu": 436811.0,
  "Tyki": 1651.2551515496025,
  "Vocytij": 257806.72152225298,
  "Hogakik": 416600.83476174006,
  "Zaxu": 150008.96720753907
}